{
  "train_loss": [
    69.18697869150262,
    69.13610709340949,
    69.23785038998253,
    69.33959609583805,
    69.39046759354441,
    69.23785089191638,
    69.39047201056229,
    69.33959730047928,
    69.3395958950645,
    69.39047180978875,
    69.13610729418303,
    69.33959479081004,
    69.33959649738513,
    69.3904696012798,
    69.33959448964973,
    69.28872550161262,
    69.2887241965846,
    69.3395945900365,
    69.18697869150262,
    69.44134270517449,
    69.39046849702534,
    69.33959549351742,
    69.44134220324065,
    69.28872128536827,
    69.18697738647461,
    69.44133868970368,
    69.1869797957571,
    69.1869777880217,
    69.44134140014648,
    69.39046769393117,
    69.3904689989592,
    69.3904710066946,
    69.23785038998253,
    69.18697728608784,
    69.23785109268992,
    69.23785360235917,
    69.39046909934596,
    69.33959709970574,
    69.28872700741417,
    69.18697899266293,
    69.28872610393323,
    69.23785229733116,
    69.23785219694439,
    69.23784868340744,
    69.44134019550525,
    69.13610809727719,
    69.33959709970574,
    69.23785159462376,
    69.18698130155865,
    69.18698079962479
  ],
  "val_loss": [
    69.69575945870899,
    69.69575944394823,
    69.69575944342209,
    69.6957594685796,
    69.69575948589778,
    69.69575945521139,
    69.6957594833771,
    69.69575945124059,
    69.69575945019234,
    69.69575947389473,
    69.69575945733669,
    69.69575947448172,
    69.69575945291842,
    69.69575947460471,
    69.69576062654194,
    69.69576062654194,
    69.69576062654194,
    69.69576062654194,
    69.69576062654194,
    69.69576062654194,
    69.69576062654194,
    69.69576062654194,
    69.69576062654194,
    69.69576062654194,
    69.69576062654194,
    69.69576062654194,
    69.69576062654194,
    69.69576062654194,
    69.69576062654194,
    69.69576062654194,
    69.69576062654194,
    69.69576062654194,
    69.69576062654194,
    69.69576062654194,
    69.69576062654194,
    69.69576062654194,
    69.69576062654194,
    69.69576062654194,
    69.69576062654194,
    69.69576062654194,
    69.69576062654194,
    69.69576062654194,
    69.69576062654194,
    69.69576062654194,
    69.69576062654194,
    69.69576062654194,
    69.69576062654194,
    69.69576062654194,
    69.69576062654194,
    69.69576062654194
  ],
  "epochs": [
    1,
    2,
    3,
    4,
    5,
    6,
    7,
    8,
    9,
    10,
    11,
    12,
    13,
    14,
    15,
    16,
    17,
    18,
    19,
    20,
    21,
    22,
    23,
    24,
    25,
    26,
    27,
    28,
    29,
    30,
    31,
    32,
    33,
    34,
    35,
    36,
    37,
    38,
    39,
    40,
    41,
    42,
    43,
    44,
    45,
    46,
    47,
    48,
    49,
    50
  ],
  "timestamps": [
    "2026-02-08T00:08:19.716334",
    "2026-02-08T00:16:33.772090",
    "2026-02-08T00:17:29.025429",
    "2026-02-08T00:18:24.418014",
    "2026-02-08T00:19:20.993065",
    "2026-02-08T01:31:40.843953",
    "2026-02-08T01:44:48.497798",
    "2026-02-08T01:47:53.292014",
    "2026-02-08T01:50:54.090926",
    "2026-02-08T01:53:56.101334",
    "2026-02-08T01:58:40.024069",
    "2026-02-08T02:01:43.902407",
    "2026-02-08T02:04:45.894249",
    "2026-02-08T02:07:56.941443",
    "2026-02-08T02:10:51.209242",
    "2026-02-08T02:13:45.856205",
    "2026-02-08T02:16:37.505556",
    "2026-02-08T02:19:28.745166",
    "2026-02-08T02:22:26.590105",
    "2026-02-08T02:50:43.120406",
    "2026-02-08T02:55:22.573532",
    "2026-02-08T02:58:38.332664",
    "2026-02-08T03:01:53.516500",
    "2026-02-08T03:05:08.626026",
    "2026-02-08T03:08:21.130077",
    "2026-02-08T03:29:44.454757",
    "2026-02-08T03:33:17.715207",
    "2026-02-08T03:36:30.763559",
    "2026-02-08T03:39:42.851786",
    "2026-02-08T03:42:55.097506",
    "2026-02-08T03:46:06.717577",
    "2026-02-08T03:49:16.481789",
    "2026-02-08T03:52:25.307186",
    "2026-02-08T03:55:34.960328",
    "2026-02-08T03:58:45.899569",
    "2026-02-08T04:01:56.337083",
    "2026-02-08T04:05:06.315870",
    "2026-02-08T04:08:15.497706",
    "2026-02-08T04:11:26.367355",
    "2026-02-08T04:14:36.526794",
    "2026-02-08T04:17:44.117583",
    "2026-02-08T04:20:53.711485",
    "2026-02-08T04:24:01.187135",
    "2026-02-08T04:27:09.032643",
    "2026-02-08T04:30:19.129746",
    "2026-02-08T04:33:41.731466",
    "2026-02-08T04:36:50.867001",
    "2026-02-08T04:40:00.211741",
    "2026-02-08T04:43:08.466277",
    "2026-02-08T04:46:17.285386"
  ],
  "metadata": {
    "stage": 2,
    "latent_size": 64,
    "num_layers": 4,
    "num_message_passing": 3,
    "batch_size": 32,
    "learning_rate": 0.001,
    "parameters": 265666
  }
}