{
  "train_loss": [
    15703.97191345215,
    592.4983393351237,
    101.2546922938029,
    62.44480676492055,
    34.679550374348956,
    14.068483054637909,
    5.260701681772868,
    3.5626305375496545,
    4.3061278581619264,
    3.0595371516545615,
    1.5160032481700183,
    1.0191935727745294,
    0.8952033265431723,
    0.9492994633316993,
    0.8670415003597737,
    0.6206130196588735,
    0.5240675725787878,
    0.3799700307225188,
    0.3857490570222338,
    0.23712983193496864,
    0.2571634380767743,
    0.19220606602107485,
    0.20261206316761673,
    0.2248900969326496,
    0.26485592670738695,
    0.20130254194140434,
    0.17035141502817472,
    0.11366727511088054,
    0.1417808325588703,
    0.17482451863586904,
    0.11481262852748235,
    0.15208989672362805,
    0.13113022988041242,
    0.11231132107476394,
    0.11921654606858889,
    0.10304616478582224,
    0.12181827851881584,
    0.08595606796443463,
    0.08446811463062961,
    0.09977716706693172,
    0.10827181365185727,
    0.09117274121691783,
    0.14317270304076374,
    0.07671760507548848,
    0.08766841945548852,
    0.09791509630779426,
    0.0923964549228549,
    0.06970155601079266,
    0.06214858513635894,
    0.07945283126706879
  ],
  "val_loss": [
    2890866454.001354,
    253369753.91455728,
    419208878.6510937,
    2103249.7307375083,
    2981708.536783244,
    7269224.695469157,
    2027278.2187941486,
    36576032.62113607,
    136551534.2779362,
    0.0035003429651260377,
    4638274.389205933,
    0.003227370176464319,
    0.003122072406113148,
    0.0030084202997386457,
    0.0028497596209247906,
    0.0025071742944419383,
    0.0023015293603142104,
    0.001358162187777149,
    0.0007175049985623142,
    0.0007505917892801032,
    0.0010252754483857038,
    0.000975503766167094,
    0.000837934725359446,
    0.0008108718772837165,
    0.000787450148031894,
    0.0007021289509915126,
    0.0007631192741428094,
    0.0006927418235864025,
    0.0006781624550421839,
    0.0006955400703888396,
    0.0007296685243636603,
    0.0006219067538768286,
    0.000681429858774815,
    0.0006908137825181863,
    0.0006473372356655697,
    0.0006047439274758896,
    0.0006894740336065297,
    0.0005174249736592173,
    0.0006231564959004269,
    0.000619336289006848,
    0.000571022814456228,
    0.0005810228647169424,
    0.00053771104855817,
    0.0005448160301845443,
    0.0005779710133113743,
    0.0005677774685561113,
    0.0005021915715891131,
    0.00047290930638458424,
    0.0005050155388016719,
    0.0003997651123396887
  ],
  "epochs": [
    1,
    2,
    3,
    4,
    5,
    6,
    7,
    8,
    9,
    10,
    11,
    12,
    13,
    14,
    15,
    16,
    17,
    18,
    19,
    20,
    21,
    22,
    23,
    24,
    25,
    26,
    27,
    28,
    29,
    30,
    31,
    32,
    33,
    34,
    35,
    36,
    37,
    38,
    39,
    40,
    41,
    42,
    43,
    44,
    45,
    46,
    47,
    48,
    49,
    50
  ],
  "timestamps": [
    "2026-02-07T22:29:45.464366",
    "2026-02-07T22:30:26.708850",
    "2026-02-07T22:31:12.661395",
    "2026-02-07T22:31:57.155644",
    "2026-02-07T22:32:41.746228",
    "2026-02-07T22:33:28.942650",
    "2026-02-07T22:34:15.258678",
    "2026-02-07T22:34:59.972029",
    "2026-02-07T22:35:45.898902",
    "2026-02-07T22:36:37.504267",
    "2026-02-07T22:37:24.015108",
    "2026-02-07T22:38:08.013236",
    "2026-02-07T22:39:01.528224",
    "2026-02-07T22:39:50.317664",
    "2026-02-07T22:40:32.425033",
    "2026-02-07T22:41:23.229360",
    "2026-02-07T22:42:11.990380",
    "2026-02-07T22:42:55.963684",
    "2026-02-07T22:43:50.557854",
    "2026-02-07T22:44:44.335522",
    "2026-02-07T22:45:27.753837",
    "2026-02-07T22:46:10.208478",
    "2026-02-07T22:46:51.427813",
    "2026-02-07T22:47:32.749240",
    "2026-02-07T22:48:14.138101",
    "2026-02-07T22:48:59.271000",
    "2026-02-07T22:49:40.719298",
    "2026-02-07T22:50:21.934182",
    "2026-02-07T22:51:01.997072",
    "2026-02-07T22:51:43.280412",
    "2026-02-07T22:52:31.677202",
    "2026-02-07T22:53:16.009182",
    "2026-02-07T22:54:17.414515",
    "2026-02-07T22:55:11.503751",
    "2026-02-07T22:56:16.626475",
    "2026-02-07T22:57:05.565820",
    "2026-02-07T22:57:49.544594",
    "2026-02-07T22:58:36.125867",
    "2026-02-07T22:59:27.467039",
    "2026-02-07T23:00:16.391514",
    "2026-02-07T23:01:02.992820",
    "2026-02-07T23:01:53.290291",
    "2026-02-07T23:02:41.631134",
    "2026-02-07T23:03:29.286792",
    "2026-02-07T23:04:20.591043",
    "2026-02-07T23:05:11.869198",
    "2026-02-07T23:06:05.906722",
    "2026-02-07T23:07:19.529922",
    "2026-02-07T23:08:18.592576",
    "2026-02-07T23:09:14.220622"
  ],
  "metadata": {
    "model": "GNN",
    "hidden_channels": 64,
    "dropout": 0.25,
    "batch_size": 32,
    "learning_rate": 0.001,
    "weight_decay": 1e-05,
    "epochs": 50,
    "parameters": 33729
  }
}