{
  "train_loss": [
    57.05509613425868,
    57.04776865965242,
    57.045052279332644,
    57.0538029275882,
    57.051185340638376,
    57.05275094585054,
    57.05507293020844,
    57.046440974921936,
    57.04614955148879,
    57.04496648509031,
    57.0473687967677,
    57.05045182537881,
    57.049822011571024,
    57.05018418913434,
    57.04508979457199,
    57.0551895335981,
    57.04861489071208,
    57.04734386759959,
    57.04206094924052,
    57.04843858852508,
    57.055284949624614,
    57.04580557270415,
    57.04522982068882,
    57.04960411217562,
    57.052883318275406,
    57.05449027772163,
    57.04930503505051,
    57.05194218143536,
    57.0459159559505,
    57.045244423447144,
    57.052518929645515,
    57.0515969391841,
    57.05026978899719,
    57.05924015895576,
    57.04941459218408,
    57.05425933060373,
    57.05140387176708,
    57.05355157062506,
    57.05370355107981,
    57.04010347499969,
    57.056039287785815,
    57.047367411813916,
    57.059692139838155,
    57.0477311687105,
    57.045390135163714,
    57.052050183533105,
    57.046707663566444,
    57.050598023044074,
    57.055513442701596,
    57.04645793453144
  ],
  "val_loss": [
    22.000615179538727,
    22.000615179538727,
    22.000615179538727,
    22.000615179538727,
    22.000615179538727,
    22.000615179538727,
    22.000615179538727,
    22.000615179538727,
    22.000615179538727,
    22.000615179538727,
    22.000615179538727,
    22.000615179538727,
    22.000615179538727,
    22.000615179538727,
    22.000615179538727,
    22.000615179538727,
    22.000615179538727,
    22.000615179538727,
    22.000615179538727,
    22.000615179538727,
    22.000615179538727,
    22.000615179538727,
    22.000615179538727,
    22.000615179538727,
    22.000615179538727,
    22.000615179538727,
    22.000615179538727,
    22.000615179538727,
    22.000615179538727,
    22.000615179538727,
    22.000615179538727,
    22.000615179538727,
    22.000615179538727,
    22.000615179538727,
    22.000615179538727,
    22.000615179538727,
    22.000615179538727,
    22.000615179538727,
    22.000615179538727,
    22.000615179538727,
    22.000615179538727,
    22.000615179538727,
    22.000615179538727,
    22.000615179538727,
    22.000615179538727,
    22.000615179538727,
    22.000615179538727,
    22.000615179538727,
    22.000615179538727,
    22.000615179538727
  ],
  "epochs": [
    1,
    2,
    3,
    4,
    5,
    6,
    7,
    8,
    9,
    10,
    11,
    12,
    13,
    14,
    15,
    16,
    17,
    18,
    19,
    20,
    21,
    22,
    23,
    24,
    25,
    26,
    27,
    28,
    29,
    30,
    31,
    32,
    33,
    34,
    35,
    36,
    37,
    38,
    39,
    40,
    41,
    42,
    43,
    44,
    45,
    46,
    47,
    48,
    49,
    50
  ],
  "timestamps": [
    "2026-02-08T10:41:01.061574",
    "2026-02-08T10:46:10.958189",
    "2026-02-08T10:51:00.427160",
    "2026-02-08T10:55:48.321287",
    "2026-02-08T11:00:37.692493",
    "2026-02-08T11:05:26.391577",
    "2026-02-08T11:10:12.801152",
    "2026-02-08T11:14:58.589579",
    "2026-02-08T11:19:44.492338",
    "2026-02-08T11:24:31.030689",
    "2026-02-08T11:29:27.234007",
    "2026-02-08T11:34:20.057707",
    "2026-02-08T11:39:45.995938",
    "2026-02-08T11:45:11.213777",
    "2026-02-08T11:50:29.785775",
    "2026-02-08T11:55:27.511494",
    "2026-02-08T12:00:17.440303",
    "2026-02-08T12:05:06.687645",
    "2026-02-08T12:09:55.070536",
    "2026-02-08T12:14:44.133056",
    "2026-02-08T12:19:30.498183",
    "2026-02-08T12:24:17.311787",
    "2026-02-08T12:29:04.599929",
    "2026-02-08T12:33:51.876255",
    "2026-02-08T12:38:39.057930",
    "2026-02-08T12:43:25.273743",
    "2026-02-08T12:48:10.977333",
    "2026-02-08T12:52:57.000996",
    "2026-02-08T12:57:42.943277",
    "2026-02-08T13:02:27.316066",
    "2026-02-08T13:07:11.829995",
    "2026-02-08T13:11:56.971626",
    "2026-02-08T13:16:45.247661",
    "2026-02-08T13:21:44.410815",
    "2026-02-08T13:26:43.130417",
    "2026-02-08T13:31:41.540549",
    "2026-02-08T13:36:35.648041",
    "2026-02-08T14:10:41.241538",
    "2026-02-08T14:16:07.292935",
    "2026-02-08T14:21:02.104464",
    "2026-02-08T14:25:58.968452",
    "2026-02-08T14:30:55.399812",
    "2026-02-08T14:35:55.445115",
    "2026-02-08T14:40:51.539095",
    "2026-02-08T14:45:46.236671",
    "2026-02-08T14:50:35.992910",
    "2026-02-08T14:55:24.052258",
    "2026-02-08T15:00:16.161828",
    "2026-02-08T15:05:05.074507",
    "2026-02-08T15:09:52.319281"
  ],
  "metadata": {
    "stage": 2,
    "latent_size": 64,
    "num_layers": 4,
    "num_message_passing": 3,
    "batch_size": 32,
    "learning_rate": 0.003,
    "parameters": 265666
  }
}