{
  "model": "weights/GL_stage2_pvalue/GL_stage2_pvalue/best_model.pt",
  "model_type": "stage2",
  "dataset": "datasets/unified",
  "timestamp": "20260209_013648",
  "metrics": {
    "mse": 0.16743901651352644,
    "mae": 0.22738200961103366,
    "relative_error": 1.123446537296138,
    "twogrid_frobenius": 22.000615179538727,
    "mean_twogrid": 22.000615179538727,
    "std_twogrid": 0.39147590945272714,
    "max_twogrid": 22.657939910888672,
    "min_twogrid": 20.898645401000977
  },
  "statistics": {
    "mean_prediction": -0.042970895767211914,
    "std_prediction": 0.0,
    "mean_target": 0.18441111384382175,
    "std_target": 0.340162730031978,
    "mean_error": -0.22738200961103366,
    "std_error": 0.340162730031978,
    "max_error": 1.042970895767212,
    "min_error": 0.042970895767211914,
    "correlation": 0.0,
    "r2_score": -0.44682631713406806
  },
  "num_samples": 65072
}