{
  "model": "weights/D_stage1_gnn/D_stage1_gnn/best_model.pt",
  "model_type": "stage1_gnn",
  "dataset": "datasets/unified",
  "timestamp": "20260209_012925",
  "metrics": {
    "mse": 0.00039976509287953377,
    "mae": 0.015556560829281807,
    "relative_error": 0.9658262133598328
  },
  "statistics": {
    "mean_prediction": 0.035702139139175415,
    "std_prediction": 0.008280307054519653,
    "mean_target": 0.020406117662787437,
    "std_target": 0.00505496421828866,
    "mean_error": 0.015296023339033127,
    "std_error": 0.012876210734248161,
    "max_error": 0.03696226328611374,
    "min_error": 3.053061664104462e-05,
    "correlation": -0.8562633936741796,
    "r2_score": -14.644743919372559
  },
  "num_samples": 600
}