{
  "model": "weights/D_stage2_pvalue/D_stage2_pvalue/best_model.pt",
  "model_type": "stage2",
  "dataset": "datasets/unified",
  "timestamp": "20260209_013526",
  "metrics": {
    "mse": 220.76285862373678,
    "mae": 5.690761257871343,
    "relative_error": 14.95813455140835,
    "twogrid_frobenius": 69.69577207063374,
    "mean_twogrid": 69.69577207063374,
    "std_twogrid": 23.96188955906207,
    "max_twogrid": 100.21946716308594,
    "min_twogrid": 38.35811996459961
  },
  "statistics": {
    "mean_prediction": 2.806057464151618,
    "std_prediction": 13.908414551220034,
    "mean_target": 0.16045099739809193,
    "std_target": 0.3065016288146732,
    "mean_error": 2.6456064667535264,
    "std_error": 13.983936166270816,
    "max_error": 129.77247619628906,
    "min_error": 0.003357306122779846,
    "correlation": -0.2360491345219795,
    "r2_score": -2155.0858027220333
  },
  "num_samples": 691800
}