{
  "model": "weights/GL_stage1_gnn/GL_stage1_gnn/best_model.pt",
  "model_type": "stage1_gnn",
  "dataset": "datasets/unified",
  "timestamp": "20260209_013224",
  "metrics": {
    "mse": 0.00035124822170473635,
    "mae": 0.014669349417090416,
    "relative_error": 0.04447571188211441
  },
  "statistics": {
    "mean_prediction": 0.32566261291503906,
    "std_prediction": 0.010227484628558159,
    "mean_target": 0.3256044387817383,
    "std_target": 0.021474117413163185,
    "mean_error": 5.81941130803898e-05,
    "std_error": 0.018741527572274208,
    "max_error": 0.09730949997901917,
    "min_error": 1.0848045349121094e-05,
    "correlation": 0.48831669149681944,
    "r2_score": 0.23830074071884155
  },
  "num_samples": 5000
}