{
  "model": "weights/GL_stage1_cnn/GL_stage1_cnn/best_model.pt",
  "model_type": "stage1_cnn",
  "dataset": "datasets/unified",
  "timestamp": "20260209_013035",
  "metrics": {
    "mse": 0.00035899056820198894,
    "mae": 0.01485818438231945,
    "relative_error": 0.04508466273546219
  },
  "statistics": {
    "mean_prediction": 0.3251696228981018,
    "std_prediction": 0.012654213234782219,
    "mean_target": 0.3256044387817383,
    "std_target": 0.021474117413163185,
    "mean_error": -0.0004348026413936168,
    "std_error": 0.018942058086395264,
    "max_error": 0.09231224656105042,
    "min_error": 4.231929779052734e-06,
    "correlation": 0.482938015950399,
    "r2_score": 0.22151106595993042
  },
  "num_samples": 5000
}