{
  "model": "weights/D_stage1_cnn/D_stage1_cnn/best_model.pt",
  "model_type": "stage1_cnn",
  "dataset": "datasets/unified",
  "timestamp": "20260209_012748",
  "metrics": {
    "mse": 1.0225205215874666e-07,
    "mae": 0.0002464586868882179,
    "relative_error": 0.01151481457054615
  },
  "statistics": {
    "mean_prediction": 0.020260198041796684,
    "std_prediction": 0.004932392854243517,
    "mean_target": 0.020406117662787437,
    "std_target": 0.00505496421828866,
    "mean_error": -0.00014592029037885368,
    "std_error": 0.0002845335111487657,
    "max_error": 0.0012026634067296982,
    "min_error": 4.470348358154297e-08,
    "correlation": 0.9986777460822389,
    "r2_score": 0.9959983825683594
  },
  "num_samples": 600
}